epoch,time,train/box_loss,train/cls_loss,train/dfl_loss,metrics/precision(B),metrics/recall(B),metrics/mAP50(B),metrics/mAP50-95(B),val/box_loss,val/cls_loss,val/dfl_loss,lr/pg0,lr/pg1,lr/pg2
1,16.3314,2.69109,3.65693,1.84104,0,0,0,0,3.30607,4.10538,3.2395,0,0,0
2,21.2245,2.84253,3.7622,2.03846,0,0,0,0,3.30607,4.10538,3.2395,0.000661167,0.000661167,0.000661167
3,25.2869,2.45251,3.65697,1.90062,0,0,0,0,3.30607,4.10538,3.2395,0.00131133,0.00131133,0.00131133
4,29.1537,2.92267,3.62287,2.0982,0,0,0,0,3.30607,4.10538,3.2395,0.0019505,0.0019505,0.0019505
5,32.8664,2.80553,3.78194,1.86605,0,0,0,0,3.30607,4.10538,3.2395,0.001934,0.001934,0.001934
6,36.6894,2.77941,3.68021,1.85122,0,0,0,0,3.30607,4.10538,3.2395,0.0019175,0.0019175,0.0019175
7,40.7855,2.99197,3.83322,1.99658,0.00353,0.5,0.00175,0.00017,3.24191,3.97356,3.51355,0.001901,0.001901,0.001901
8,44.4687,2.57083,2.82076,2.28614,0.00353,0.5,0.00175,0.00017,3.24191,3.97356,3.51355,0.0018845,0.0018845,0.0018845
9,48.6035,2.44781,2.80585,1.79595,0.00353,0.5,0.00175,0.00017,3.24191,3.97356,3.51355,0.001868,0.001868,0.001868
10,53.1545,3.06519,2.78512,2.08424,0.00353,0.5,0.00175,0.00017,3.24191,3.97356,3.51355,0.0018515,0.0018515,0.0018515
11,56.9746,2.54149,2.74967,2.07386,0.00353,0.5,0.00175,0.00017,3.24191,3.97356,3.51355,0.001835,0.001835,0.001835
12,61.6479,2.56957,2.77813,1.94793,0.00353,0.5,0.00175,0.00017,3.24191,3.97356,3.51355,0.0018185,0.0018185,0.0018185
13,67.2938,2.0507,2.82765,1.59201,0.00833,1,0.00843,0.00422,2.19751,3.84332,2.06823,0.001802,0.001802,0.001802
14,71.8146,2.73456,3.53613,2.00194,0.00833,1,0.00843,0.00422,2.19751,3.84332,2.06823,0.0017855,0.0017855,0.0017855
15,76.0711,1.94795,2.24874,1.60191,0.00833,1,0.00843,0.00422,2.19751,3.84332,2.06823,0.001769,0.001769,0.001769
16,80.5349,2.49507,3.23908,2.17519,0.00833,1,0.00843,0.00422,2.19751,3.84332,2.06823,0.0017525,0.0017525,0.0017525
17,85.0623,3.26848,2.29961,2.07485,0.00833,1,0.00843,0.00422,2.19751,3.84332,2.06823,0.001736,0.001736,0.001736
18,90.0069,2.39516,5.86045,2.17929,0.00833,1,0.00843,0.00422,2.19751,3.84332,2.06823,0.0017195,0.0017195,0.0017195
19,94.7025,2.32474,3.5193,1.99939,0.00685,1,0.00765,0.00343,1.6417,3.79472,1.83555,0.001703,0.001703,0.001703
20,98.246,1.87126,2.35391,1.54313,0.00685,1,0.00765,0.00343,1.6417,3.79472,1.83555,0.0016865,0.0016865,0.0016865
21,102.118,1.99888,2.49338,1.62417,0.00685,1,0.00765,0.00343,1.6417,3.79472,1.83555,0.00167,0.00167,0.00167
22,107.702,1.94041,2.30013,1.52147,0.00685,1,0.00765,0.00343,1.6417,3.79472,1.83555,0.0016535,0.0016535,0.0016535
23,112.405,2.37851,2.40481,1.78152,0.00685,1,0.00765,0.00343,1.6417,3.79472,1.83555,0.001637,0.001637,0.001637
24,116.144,2.02995,2.46276,1.58378,0.00685,1,0.00765,0.00343,1.6417,3.79472,1.83555,0.0016205,0.0016205,0.0016205
25,121.243,2.01215,2.60154,1.63197,0.00667,1,0.01382,0.00531,1.79375,3.63099,1.79924,0.001604,0.001604,0.001604
26,126.76,1.93841,2.12711,1.58522,0.00667,1,0.01382,0.00531,1.79375,3.63099,1.79924,0.0015875,0.0015875,0.0015875
27,133.325,2.04774,1.95743,1.6551,0.00667,1,0.01382,0.00531,1.79375,3.63099,1.79924,0.001571,0.001571,0.001571
28,138.695,2.30722,2.11886,1.63019,0.00667,1,0.01382,0.00531,1.79375,3.63099,1.79924,0.0015545,0.0015545,0.0015545
29,142.999,1.87528,2.15785,1.60258,0.00667,1,0.01382,0.00531,1.79375,3.63099,1.79924,0.001538,0.001538,0.001538
30,147.018,2.25416,2.04607,1.65578,0.00667,1,0.01382,0.00531,1.79375,3.63099,1.79924,0.0015215,0.0015215,0.0015215
31,150.731,1.9733,2.49612,1.65432,0.00667,1,0.02031,0.01,1.82188,3.19674,1.52598,0.001505,0.001505,0.001505
32,154.234,1.93638,1.7066,1.4445,0.00667,1,0.02031,0.01,1.82188,3.19674,1.52598,0.0014885,0.0014885,0.0014885
33,158.554,1.86314,2.38697,1.54935,0.00667,1,0.02031,0.01,1.82188,3.19674,1.52598,0.001472,0.001472,0.001472
34,162.47,1.92042,1.83585,1.47532,0.00667,1,0.02031,0.01,1.82188,3.19674,1.52598,0.0014555,0.0014555,0.0014555
35,165.967,2.71043,2.81968,1.93362,0.00667,1,0.02031,0.01,1.82188,3.19674,1.52598,0.001439,0.001439,0.001439
36,169.489,2.16456,2.69699,1.85118,0.00667,1,0.02031,0.01,1.82188,3.19674,1.52598,0.0014225,0.0014225,0.0014225
37,173.939,1.85409,1.63295,1.45168,0.00667,1,0.13094,0.07713,1.87197,3.02308,1.52084,0.001406,0.001406,0.001406
38,177.389,1.5243,1.65377,1.35595,0.00667,1,0.13094,0.07713,1.87197,3.02308,1.52084,0.0013895,0.0013895,0.0013895
39,180.334,1.75919,1.65969,1.46735,0.00667,1,0.13094,0.07713,1.87197,3.02308,1.52084,0.001373,0.001373,0.001373
40,183.169,2.01551,1.70139,1.56508,0.00667,1,0.13094,0.07713,1.87197,3.02308,1.52084,0.0013565,0.0013565,0.0013565
41,186.292,1.92123,1.68056,1.4671,0.00667,1,0.13094,0.07713,1.87197,3.02308,1.52084,0.00134,0.00134,0.00134
42,189.827,2.14676,2.14407,1.71321,0.00667,1,0.13094,0.07713,1.87197,3.02308,1.52084,0.0013235,0.0013235,0.0013235
43,193.989,2.05919,2.01771,1.6011,0.00667,1,0.04459,0.02575,1.55562,3.07544,1.30776,0.001307,0.001307,0.001307
44,197.887,1.67332,1.57768,1.37513,0.00667,1,0.04459,0.02575,1.55562,3.07544,1.30776,0.0012905,0.0012905,0.0012905
45,202.045,1.73519,1.79658,1.39816,0.00667,1,0.04459,0.02575,1.55562,3.07544,1.30776,0.001274,0.001274,0.001274
46,205.346,1.68217,1.61098,1.3818,0.00667,1,0.04459,0.02575,1.55562,3.07544,1.30776,0.0012575,0.0012575,0.0012575
47,208.786,1.68208,1.55137,1.33444,0.00667,1,0.04459,0.02575,1.55562,3.07544,1.30776,0.001241,0.001241,0.001241
48,212.525,1.91717,1.64133,1.57769,0.00667,1,0.04459,0.02575,1.55562,3.07544,1.30776,0.0012245,0.0012245,0.0012245
49,216.607,1.62253,1.58232,1.37991,0.00333,0.5,0.0275,0.01429,1.53178,3.04226,1.40127,0.001208,0.001208,0.001208
50,220.129,1.9196,2.76369,1.65959,0.00333,0.5,0.0275,0.01429,1.53178,3.04226,1.40127,0.0011915,0.0011915,0.0011915
51,224.429,1.65385,1.43911,1.34387,0.00333,0.5,0.0275,0.01429,1.53178,3.04226,1.40127,0.001175,0.001175,0.001175
52,228.058,1.8598,1.48806,1.43931,0.00333,0.5,0.0275,0.01429,1.53178,3.04226,1.40127,0.0011585,0.0011585,0.0011585
53,231.457,1.88999,2.17562,1.57237,0.00333,0.5,0.0275,0.01429,1.53178,3.04226,1.40127,0.001142,0.001142,0.001142
54,234.515,1.66622,2.13869,1.46203,0.00333,0.5,0.0275,0.01429,1.53178,3.04226,1.40127,0.0011255,0.0011255,0.0011255
55,238.415,1.63498,1.29814,1.31695,0.00667,1,0.17141,0.06798,1.26154,3.29838,1.43115,0.001109,0.001109,0.001109
56,242.526,1.9142,1.53773,1.60482,0.00667,1,0.17141,0.06798,1.26154,3.29838,1.43115,0.0010925,0.0010925,0.0010925
57,245.946,1.549,1.47069,1.48293,0.00667,1,0.17141,0.06798,1.26154,3.29838,1.43115,0.001076,0.001076,0.001076
58,249.046,1.69822,1.83017,1.57113,0.00667,1,0.17141,0.06798,1.26154,3.29838,1.43115,0.0010595,0.0010595,0.0010595
59,253.309,1.58442,1.31133,1.2898,0.00667,1,0.17141,0.06798,1.26154,3.29838,1.43115,0.001043,0.001043,0.001043
60,256.624,1.66361,1.23649,1.37114,0.00667,1,0.17141,0.06798,1.26154,3.29838,1.43115,0.0010265,0.0010265,0.0010265
61,260.282,1.65441,1.28408,1.27166,0.02206,0.5,0.25702,0.07777,1.36028,3.14509,1.44504,0.00101,0.00101,0.00101
62,264.228,1.59831,1.28541,1.35973,0.02206,0.5,0.25702,0.07777,1.36028,3.14509,1.44504,0.0009935,0.0009935,0.0009935
63,267.792,1.74368,1.29687,1.33371,0.02206,0.5,0.25702,0.07777,1.36028,3.14509,1.44504,0.000977,0.000977,0.000977
64,270.841,1.72051,1.3354,1.34255,0.02206,0.5,0.25702,0.07777,1.36028,3.14509,1.44504,0.0009605,0.0009605,0.0009605
65,275.523,1.75267,1.34074,1.35842,0.02206,0.5,0.25702,0.07777,1.36028,3.14509,1.44504,0.000944,0.000944,0.000944
66,279.967,1.4345,1.16626,1.21943,0.02206,0.5,0.25702,0.07777,1.36028,3.14509,1.44504,0.0009275,0.0009275,0.0009275
67,284.416,1.42772,1.28941,1.21781,0.00667,1,0.17435,0.0546,1.1313,3.27894,1.38403,0.000911,0.000911,0.000911
68,287.909,1.61405,1.74213,1.36746,0.00667,1,0.17435,0.0546,1.1313,3.27894,1.38403,0.0008945,0.0008945,0.0008945
69,291.43,1.47145,1.45085,1.41636,0.00667,1,0.17435,0.0546,1.1313,3.27894,1.38403,0.000878,0.000878,0.000878
70,295.032,1.52346,1.73818,1.30903,0.00667,1,0.17435,0.0546,1.1313,3.27894,1.38403,0.0008615,0.0008615,0.0008615
71,298.223,1.42306,1.45714,1.35543,0.00667,1,0.17435,0.0546,1.1313,3.27894,1.38403,0.000845,0.000845,0.000845
72,301.442,1.63923,1.49045,1.28137,0.00667,1,0.17435,0.0546,1.1313,3.27894,1.38403,0.0008285,0.0008285,0.0008285
73,305.251,1.29248,1.45097,1.24273,0.00667,1,0.07878,0.01834,1.16973,3.69413,1.46729,0.000812,0.000812,0.000812
74,308.663,1.48143,1.39606,1.36586,0.00667,1,0.07878,0.01834,1.16973,3.69413,1.46729,0.0007955,0.0007955,0.0007955
75,312.783,1.43843,1.28314,1.22543,0.00667,1,0.07878,0.01834,1.16973,3.69413,1.46729,0.000779,0.000779,0.000779
76,316.225,1.97353,1.51909,1.67112,0.00667,1,0.07878,0.01834,1.16973,3.69413,1.46729,0.0007625,0.0007625,0.0007625
77,319.417,1.32164,1.28843,1.24109,0.00667,1,0.07878,0.01834,1.16973,3.69413,1.46729,0.000746,0.000746,0.000746
78,324.303,1.36124,1.04043,1.15394,0.00667,1,0.07878,0.01834,1.16973,3.69413,1.46729,0.0007295,0.0007295,0.0007295
79,328.411,1.62878,1.87219,1.48992,0.00667,1,0.01053,0.00429,1.426,3.7872,1.61674,0.000713,0.000713,0.000713
80,331.89,1.67696,1.38072,1.28743,0.00667,1,0.01053,0.00429,1.426,3.7872,1.61674,0.0006965,0.0006965,0.0006965
81,334.947,1.32944,1.30563,1.23532,0.00667,1,0.01053,0.00429,1.426,3.7872,1.61674,0.00068,0.00068,0.00068
82,338.028,1.39793,1.15104,1.21406,0.00667,1,0.01053,0.00429,1.426,3.7872,1.61674,0.0006635,0.0006635,0.0006635
83,340.852,1.28055,1.25657,1.19975,0.00667,1,0.01053,0.00429,1.426,3.7872,1.61674,0.000647,0.000647,0.000647
84,343.643,1.39931,1.29974,1.3001,0.00667,1,0.01053,0.00429,1.426,3.7872,1.61674,0.0006305,0.0006305,0.0006305
85,347.334,1.42204,1.36175,1.21418,0.00667,1,0.0214,0.008,1.38961,3.69332,1.61363,0.000614,0.000614,0.000614
86,350.265,1.37815,1.1754,1.17998,0.00667,1,0.0214,0.008,1.38961,3.69332,1.61363,0.0005975,0.0005975,0.0005975
87,353.58,1.4413,1.18366,1.34012,0.00667,1,0.0214,0.008,1.38961,3.69332,1.61363,0.000581,0.000581,0.000581
88,356.521,1.45301,1.17497,1.27192,0.00667,1,0.0214,0.008,1.38961,3.69332,1.61363,0.0005645,0.0005645,0.0005645
89,359.631,1.49806,1.32618,1.36673,0.00667,1,0.0214,0.008,1.38961,3.69332,1.61363,0.000548,0.000548,0.000548
90,362.676,1.43865,1.38316,1.3126,0.00667,1,0.0214,0.008,1.38961,3.69332,1.61363,0.0005315,0.0005315,0.0005315
91,366.003,1.39674,1.12484,1.1511,0.00667,1,0.02847,0.01923,1.28507,3.47924,1.54763,0.000515,0.000515,0.000515
92,368.904,1.16481,0.99248,1.15074,0.00667,1,0.02847,0.01923,1.28507,3.47924,1.54763,0.0004985,0.0004985,0.0004985
93,372.377,1.65296,1.26381,1.47357,0.00667,1,0.02847,0.01923,1.28507,3.47924,1.54763,0.000482,0.000482,0.000482
94,375.291,1.44028,1.26186,1.37522,0.00667,1,0.02847,0.01923,1.28507,3.47924,1.54763,0.0004655,0.0004655,0.0004655
95,378.659,1.4314,1.2698,1.27307,0.00667,1,0.02847,0.01923,1.28507,3.47924,1.54763,0.000449,0.000449,0.000449
96,381.538,1.3295,1.13534,1.13958,0.00667,1,0.02847,0.01923,1.28507,3.47924,1.54763,0.0004325,0.0004325,0.0004325
97,384.174,1.34905,1.27429,1.25109,0.00667,1,0.10013,0.06354,1.24261,3.15875,1.46541,0.000416,0.000416,0.000416
98,386.828,1.0977,1.05709,1.14594,0.00667,1,0.10013,0.06354,1.24261,3.15875,1.46541,0.0003995,0.0003995,0.0003995
99,389.762,1.50821,1.22309,1.30973,0.00667,1,0.10013,0.06354,1.24261,3.15875,1.46541,0.000383,0.000383,0.000383
100,392.162,1.30419,1.09604,1.21952,0.00667,1,0.10013,0.06354,1.24261,3.15875,1.46541,0.0003665,0.0003665,0.0003665
101,394.646,1.20689,1.01226,1.22092,0.00667,1,0.10013,0.06354,1.24261,3.15875,1.46541,0.00035,0.00035,0.00035
